<?xml version="1.0" encoding="UTF-8"?>
<metadata xml:lang="en"><Esri><CreaDate>20240801</CreaDate><CreaTime>09345400</CreaTime><ArcGISFormat>1.0</ArcGISFormat><SyncOnce>TRUE</SyncOnce><DataProperties><lineage><Process ToolSource="c:\program files\arcgis\pro\Resources\ArcToolbox\toolboxes\Analysis Tools.tbx\Near" Date="20240801" Time="093454">Near Singapore_Prime_LAT Streets # LOCATION NO_ANGLE Planar "NEAR_FID NEAR_FID;NEAR_DIST NEAR_DIST;NEAR_X NEAR_X;NEAR_Y NEAR_Y" #</Process><Process ToolSource="c:\program files\arcgis\pro\Resources\ArcToolbox\toolboxes\Data Management Tools.tbx\UpdateSchema" Date="20240801" Time="093620">UpdateSchema "CIMDATA=&lt;CIMStandardDataConnection xsi:type='typens:CIMStandardDataConnection' xmlns:xsi='http://www.w3.org/2001/XMLSchema-instance' xmlns:xs='http://www.w3.org/2001/XMLSchema' xmlns:typens='http://www.esri.com/schemas/ArcGIS/3.3.0'&gt;&lt;WorkspaceConnectionString&gt;DATABASE=C:\Users\mulkar\Downloads\GIS_Data_Engineer\GIS_Data_Engineer\Assignment3\1_Src&lt;/WorkspaceConnectionString&gt;&lt;WorkspaceFactory&gt;Shapefile&lt;/WorkspaceFactory&gt;&lt;Dataset&gt;Singapore_Prime_LAT.shp&lt;/Dataset&gt;&lt;DatasetType&gt;esriDTFeatureClass&lt;/DatasetType&gt;&lt;/CIMStandardDataConnection&gt;" &lt;operationSequence&gt;&lt;workflow&gt;&lt;AddField&gt;&lt;field_name&gt;X_Cord&lt;/field_name&gt;&lt;field_type&gt;DOUBLE&lt;/field_type&gt;&lt;field_is_nullable&gt;False&lt;/field_is_nullable&gt;&lt;field_is_required&gt;False&lt;/field_is_required&gt;&lt;/AddField&gt;&lt;/workflow&gt;&lt;workflow&gt;&lt;AddField&gt;&lt;field_name&gt;Y_Cord&lt;/field_name&gt;&lt;field_type&gt;DOUBLE&lt;/field_type&gt;&lt;field_is_nullable&gt;False&lt;/field_is_nullable&gt;&lt;field_is_required&gt;False&lt;/field_is_required&gt;&lt;/AddField&gt;&lt;/workflow&gt;&lt;/operationSequence&gt;</Process><Process ToolSource="c:\program files\arcgis\pro\Resources\ArcToolbox\toolboxes\Data Management Tools.tbx\CalculateGeometryAttributes" Date="20240801" Time="093711">CalculateGeometryAttributes Singapore_Prime_LAT "X_Cord POINT_X" # # # "Same as input"</Process><Process ToolSource="c:\program files\arcgis\pro\Resources\ArcToolbox\toolboxes\Data Management Tools.tbx\CalculateGeometryAttributes" Date="20240801" Time="093923">CalculateGeometryAttributes Singapore_Prime_LAT "Y_Cord POINT_Y" # # # "Same as input"</Process><Process ToolSource="c:\program files\arcgis\pro\Resources\ArcToolbox\toolboxes\Analysis Tools.tbx\Near" Date="20240802" Time="104421">Near Singapore_Prime_LAT Singapore_Prime_LAT_ExportFeatures # LOCATION NO_ANGLE Planar "NEAR_FID NEAR_FID;NEAR_DIST NEAR_DIST;NEAR_X NEAR_X;NEAR_Y NEAR_Y" #</Process><Process ToolSource="c:\program files\arcgis\pro\Resources\ArcToolbox\toolboxes\Data Management Tools.tbx\DeleteField" Date="20240802" Time="105024">DeleteField Singapore_Prime_LAT NEAR_DIST;NEAR_X;NEAR_Y;X_Cord;Y_Cord "Delete Fields"</Process><Process ToolSource="c:\program files\arcgis\pro\Resources\ArcToolbox\toolboxes\Analysis Tools.tbx\Near" Date="20240802" Time="105105">Near Singapore_Prime_LAT Singapore_Prime_LAT_ExportFeatures # LOCATION NO_ANGLE Planar "NEAR_FID NEAR_FID;NEAR_DIST NEAR_DIST;NEAR_X NEAR_X;NEAR_Y NEAR_Y" #</Process></lineage></DataProperties></Esri></metadata>
